zip_code,total_population,median_household_income,median_home_value,labor_force,state,zip code tabulation area,year,total_population_change,median_household_income_change,median_home_value_change,labor_force_change,total_permits,residential_permits,commercial_permits,retail_permits,total_construction_cost,residential_construction_cost,commercial_construction_cost,retail_construction_cost,residential_permit_ratio,commercial_permit_ratio,retail_permit_ratio,residential_cost_ratio,commercial_cost_ratio,retail_cost_ratio,new_construction_permits,renovation_permits,addition_permits,other_permits,total_permits_change,residential_permits_change,commercial_permits_change,retail_permits_change,total_construction_cost_change,residential_construction_cost_change,commercial_construction_cost_change,retail_construction_cost_change,unemployment_rate,gdp,per_capita_income,personal_income,unemployment_rate_change,gdp_change,per_capita_income_change,personal_income_change,housing_density,retail_density,balance_score
60601,16292.0,127323.0,495400.0,11174.0,17.0,60601,2023,-0.0064642029515794,0.0497056738173364,-0.1104327527383731,-0.0053409293217019,26.0,1.0,11.0,4.0,19608865.0,5500.0,10967000.0,2605000.0,0.0384615384615384,0.4230769230769231,0.1538461538461538,0.0002804853825042,0.5592878527135559,0.1328480766224868,0.0,19.0,0.0,7.0,-0.1612903225806451,inf,-0.5416666666666667,-0.3333333333333333,-0.382841451635889,inf,-0.3576714192070478,-0.8332266325224071,4.391666666666667,894862.364,77937.0,77429.0,-0.0487364620938627,0.0587745952966192,0.0578630181610879,0.0560852189805911,0.061379818315737786,0.6751780014731156,-52.87356321839081
60602,1127.0,123047.0,383300.0,848.0,17.0,60602,2023,0.2014925373134328,-0.2659038164386667,-1.000574950000575,0.1910112359550562,81.0,13.0,5.0,5.0,90403041.0,16696500.0,34238712.0,4781312.0,0.1604938271604938,0.0617283950617283,0.0617283950617283,0.1846895836169935,0.3787340737796641,0.0528888403212011,15.0,37.0,0.0,29.0,0.7608695652173914,0.8571428571428572,0.0,1.5,1.702632260325763,1.2911463622142327,3.066355344418052,-0.2368217079010375,4.391666666666667,894862.364,77937.0,77429.0,-0.0487364620938627,0.0587745952966192,0.0578630181610879,0.0560852189805911,11.535048802129548,4.436557231588288,-101.53256704980842
60603,1126.0,128107.0,608100.0,772.0,17.0,60603,2023,0.0144144144144144,0.0257750944846582,-0.1972277227722771,0.0320855614973261,8.0,1.0,4.0,0.0,1572924.0,25000.0,1186375.0,0.0,0.125,0.5,0.0,0.0158939656334317,0.7542481391345036,0.0,0.0,7.0,0.0,1.0,0.6000000000000001,0.0,3.0,-1.0,-0.7580116923076923,-0.95,-0.0113541666666666,-1.0,4.391666666666667,894862.364,77937.0,77429.0,-0.0487364620938627,0.0587745952966192,0.0578630181610879,0.0560852189805911,0.8880994671403197,3.552397868561279,-96.55172413793105
60604,653.0,77806.0,577700.0,440.0,17.0,60604,2023,-0.1139755766621438,0.0148564571458384,-0.0392482953600532,-0.0983606557377049,5.0,1.0,0.0,0.0,855002.0,500000.0,0.0,0.0,0.2,0.0,0.0,0.584793953698354,0.0,0.0,1.0,1.0,0.0,3.0,-0.2857142857142857,-0.8,0.0,0.0,0.425000958331736,-0.1525423728813559,0.0,0.0,4.391666666666667,894862.364,77937.0,77429.0,-0.0487364620938627,0.0587745952966192,0.0578630181610879,0.0560852189805911,1.5313935681470139,0.0,-233.52490421455937
60605,34256.0,118403.0,495900.0,23504.0,17.0,60605,2023,-0.0016902721921081,0.0166663804502755,0.033125,0.0124924614456793,57.0,8.0,11.0,25.0,26972709.0,3607230.0,9786752.0,16575198.0,0.1403508771929824,0.1929824561403508,0.4385964912280701,0.1337362887798923,0.3628390459408434,0.6145173627165147,7.0,44.0,0.0,6.0,0.7272727272727273,1.6666666666666663,0.0,1.272727272727273,0.2226596872517643,3.5090375,0.2380730455041009,1.4445391932748324,4.391666666666667,894862.364,77937.0,77429.0,-0.0487364620938627,0.0587745952966192,0.0578630181610879,0.0560852189805911,0.2335357309668379,0.32111163007940213,-104.59770114942528
60606,3527.0,139148.0,366500.0,3244.0,17.0,60606,2023,0.0039851978366067,0.0436126090315225,0.0385378294134315,0.018524332810047,57.0,4.0,10.0,9.0,58532493.0,6719390.0,11661315.0,9121315.0,0.0701754385964912,0.175438596491228,0.1578947368421052,0.1147976048107159,0.199228059532677,0.1558333590882589,4.0,22.0,0.0,31.0,-0.123076923076923,0.3333333333333332,-0.0909090909090909,0.0,-0.6824781560731161,-0.9589755772322968,-0.9301125940140312,-0.1922070733683739,4.391666666666667,894862.364,77937.0,77429.0,-0.0487364620938627,0.0587745952966192,0.0578630181610879,0.0560852189805911,1.1341083073433513,2.835270768358378,-101.14942528735634
60607,30197.0,126307.0,494300.0,21156.0,17.0,60607,2023,0.0486161752960376,0.0569623430962342,0.0149897330595483,0.0973598215675086,45.0,4.0,6.0,19.0,40304378.0,1076698.0,3103755.0,20299372.0,0.0888888888888888,0.1333333333333333,0.4222222222222222,0.0267141698601576,0.0770078873317434,0.5036517869100969,0.0,39.0,0.0,6.0,0.0227272727272727,0.3333333333333332,0.1999999999999999,2.1666666666666665,0.2363885265423322,1.5635666666666663,-0.227152639442231,9.61982568298578,4.391666666666667,894862.364,77937.0,77429.0,-0.0487364620938627,0.0587745952966192,0.0578630181610879,0.0560852189805911,0.1324634897506375,0.19869523462595623,-97.70114942528735
60608,81459.0,70704.0,341500.0,42715.0,17.0,60608,2023,-0.0155893122575498,0.0581104742521063,0.0618781094527363,0.016056137012369,19.0,6.0,0.0,1.0,3738500.0,540000.0,0.0,40000.0,0.3157894736842105,0.0,0.0526315789473684,0.1444429584057777,0.0,0.0106994784004279,0.0,17.0,0.0,2.0,-0.1739130434782608,1.0,-1.0,-0.75,-0.0908830046553793,-0.3842645381984036,-1.0,-0.9481865284974094,4.391666666666667,894862.364,77937.0,77429.0,-0.0487364620938627,0.0587745952966192,0.0578630181610879,0.0560852189805911,0.0736566861856885,0.0,-188.69731800766283
60609,64268.0,54142.0,251600.0,32510.0,17.0,60609,2023,0.0162394649040971,0.1468575907136351,0.0996503496503495,0.0241950727742423,16.0,2.0,0.0,2.0,1273001.0,520000.0,0.0,101000.0,0.125,0.0,0.125,0.4084835754253139,0.0,0.0793400790729936,0.0,11.0,0.0,5.0,0.3333333333333332,-0.3333333333333333,-1.0,inf,-0.5335283986808355,-0.3157894736842105,-1.0,inf,4.391666666666667,894862.364,77937.0,77429.0,-0.0487364620938627,0.0587745952966192,0.0578630181610879,0.0560852189805911,0.03111968631356196,0.0,-143.10344827586206
60610,45282.0,105649.0,543000.0,31747.0,17.0,60610,2023,0.0554260674995339,-0.0059090866321028,0.0793082886106142,0.0749305884743007,25.0,12.0,3.0,2.0,5705625.0,1643000.0,542500.0,1320000.0,0.48,0.12,0.08,0.2879614415598642,0.0950816080622193,0.2313506408149852,0.0,21.0,0.0,4.0,0.1904761904761904,0.7142857142857142,2.0,0.0,-0.2423892359618684,-0.2239823920046098,0.8083333333333333,-0.6,4.391666666666667,894862.364,77937.0,77429.0,-0.0487364620938627,0.0587745952966192,0.0578630181610879,0.0560852189805911,0.26500596263415926,0.06625149065853982,-123.75478927203065
60611,36036.0,124621.0,608200.0,25203.0,17.0,60611,2023,0.0223848838198996,-0.0172775447118569,-0.0721586575133486,0.0432568921268317,44.0,15.0,10.0,8.0,120712308.0,30382000.0,82400499.0,22116390.0,0.3409090909090909,0.2272727272727272,0.1818181818181818,0.2516893306356134,0.6826188676634366,0.1832156999268044,2.0,36.0,0.0,6.0,0.9130434782608696,1.1428571428571428,1.5,0.3333333333333332,0.1676616509152886,1.2023921710764771,0.326649641003375,-0.608432823033772,4.391666666666667,894862.364,77937.0,77429.0,-0.0487364620938627,0.0587745952966192,0.0578630181610879,0.0560852189805911,0.41625041625041626,0.2775002775002775,-109.96168582375478
60612,34699.0,60457.0,331600.0,18784.0,17.0,60612,2023,0.0069647987463361,0.0271670800910666,-0.0323898453457834,0.0452395526125424,129.0,4.0,1.0,2.0,2827389.0,480000.0,167173.0,164716.0,0.0310077519379844,0.0077519379844961,0.0155038759689922,0.1697679378394695,0.059126282234245,0.0582572826024293,4.0,8.0,0.0,117.0,0.5176470588235293,0.3333333333333332,-0.5,1.0,-0.3688870882956604,0.6000000000000001,1.1432435897435895,-0.9503867469879518,4.391666666666667,894862.364,77937.0,77429.0,-0.0487364620938627,0.0587745952966192,0.0578630181610879,0.0560852189805911,0.11527709732268941,0.028819274330672353,-118.39080459770115
60613,51334.0,91351.0,397800.0,37590.0,17.0,60613,2023,-0.0120667423644656,-0.0096164270691038,-0.0037565740045079,-0.0167150592482147,10.0,5.0,1.0,0.0,2225125.0,684000.0,500000.0,0.0,0.5,0.1,0.0,0.3073984607606314,0.2247064771642042,0.0,0.0,10.0,0.0,0.0,-0.2857142857142857,-0.2857142857142857,inf,-1.0,-0.5593376454425893,-0.8161290322580645,inf,-1.0,4.391666666666667,894862.364,77937.0,77429.0,-0.0487364620938627,0.0587745952966192,0.0578630181610879,0.0560852189805911,0.09740133245022792,0.019480266490045584,-121.455938697318
60614,70444.0,139561.0,730700.0,47061.0,17.0,60614,2023,-0.0175311362463563,0.0310052894418013,0.0005477201150212,-0.0174541202998099,24.0,5.0,2.0,5.0,84520508.0,78791500.0,78595000.0,80485000.0,0.2083333333333333,0.0833333333333333,0.2083333333333333,0.9322175394402504,0.9298926598974062,0.9522540967217092,3.0,10.0,0.0,11.0,-0.4666666666666667,-0.4444444444444444,-0.8571428571428572,-0.2857142857142857,2.0054845852495315,5.362951031890464,2.852507230037743,5.8790598290598295,4.391666666666667,894862.364,77937.0,77429.0,-0.0487364620938627,0.0587745952966192,0.0578630181610879,0.0560852189805911,0.07097836579410595,0.028391346317642382,-96.16858237547893
60615,42752.0,62105.0,305200.0,24624.0,17.0,60615,2023,-0.0006545114539504,0.0988534626136805,-0.0039164490861618,4.0612435527664914e-05,15.0,4.0,0.0,1.0,5640000.0,125000.0,0.0,25000.0,0.2666666666666666,0.0,0.0666666666666666,0.0221631205673758,0.0,0.0044326241134751,0.0,10.0,0.0,5.0,1.1428571428571428,3.0,0.0,inf,5.028210743682403,0.5625,0.0,inf,4.391666666666667,894862.364,77937.0,77429.0,-0.0487364620938627,0.0587745952966192,0.0578630181610879,0.0560852189805911,0.09356287425149701,0.0,-199.80842911877397
60616,54456.0,77841.0,387300.0,31321.0,17.0,60616,2023,0.0331834481188457,0.0762519702458313,-0.0097161851188953,0.043129287950443,25.0,6.0,1.0,5.0,61598451.0,56365760.0,100000.0,1257000.0,0.24,0.04,0.2,0.915051581410708,0.0016234174460003,0.0204063572962248,6.0,13.0,0.0,6.0,-0.074074074074074,-0.4545454545454546,-0.6666666666666667,0.6666666666666667,4.115224236807621,9.232450399652905,-0.9759615384615384,-0.6821744627054361,4.391666666666667,894862.364,77937.0,77429.0,-0.0487364620938627,0.0587745952966192,0.0578630181610879,0.0560852189805911,0.11018069634200088,0.018363449390333478,-129.11877394636016
60617,79284.0,51237.0,168200.0,36507.0,17.0,60617,2023,-0.046929845650815,0.0006640235923676,0.0460199004975123,-0.0646905103504816,21.0,3.0,0.0,1.0,791100.0,49000.0,0.0,20000.0,0.1428571428571428,0.0,0.0476190476190476,0.06193907217798,0.0,0.0252812539501959,0.0,10.0,0.0,11.0,0.3999999999999999,inf,0.0,0.0,-0.3108683080225453,inf,0.0,-0.4117647058823529,4.391666666666667,894862.364,77937.0,77429.0,-0.0487364620938627,0.0587745952966192,0.0578630181610879,0.0560852189805911,0.03783865597093991,0.0,-154.9808429118774
60618,91896.0,101558.0,538300.0,57375.0,17.0,60618,2023,-0.0036753943730687,0.0057637458405956,0.0708175850407797,-0.0118321793944404,36.0,10.0,3.0,3.0,21941041.0,1777550.0,17375000.0,314250.0,0.2777777777777778,0.0833333333333333,0.0833333333333333,0.0810148433704672,0.7918949697965562,0.0143224744897017,5.0,21.0,0.0,10.0,0.0588235294117647,0.25,2.0,0.5,5.248868905861867,0.9011229946524064,18.30555555555556,1.327777777777778,4.391666666666667,894862.364,77937.0,77429.0,-0.0487364620938627,0.0587745952966192,0.0578630181610879,0.0560852189805911,0.10881866457734832,0.03264559937320449,-114.94252873563218
60619,59892.0,43403.0,213000.0,29150.0,17.0,60619,2023,-0.0091160266697549,0.0140413999345825,0.0834181078331637,0.0157856221904728,11.0,0.0,0.0,1.0,250250.0,0.0,0.0,40000.0,0.0,0.0,0.0909090909090909,0.0,0.0,0.1598401598401598,1.0,5.0,0.0,5.0,-0.0833333333333333,-1.0,0.0,inf,-0.103339054286953,-1.0,0.0,inf,4.391666666666667,894862.364,77937.0,77429.0,-0.0487364620938627,0.0587745952966192,0.0578630181610879,0.0560852189805911,0.0,0.0,-69.73180076628353
60621,27318.0,33235.0,161900.0,11720.0,17.0,60621,2023,0.011890210023336,0.1018466332924443,0.2941646682653878,0.0018806633612582,11.0,3.0,1.0,2.0,648000.0,148000.0,200000.0,280000.0,0.2727272727272727,0.0909090909090909,0.1818181818181818,0.228395061728395,0.3086419753086419,0.4320987654320987,0.0,10.0,0.0,1.0,0.5714285714285714,2.0,inf,inf,-0.860907731598286,-0.4618181818181818,inf,inf,4.391666666666667,894862.364,77937.0,77429.0,-0.0487364620938627,0.0587745952966192,0.0578630181610879,0.0560852189805911,0.10981770261366132,0.03660590087122044,-112.26053639846742
60622,53696.0,124852.0,622900.0,39306.0,17.0,60622,2023,-0.0045973602254189,0.0479963738311481,0.0103811841038119,0.0199283823758369,51.0,13.0,5.0,8.0,9240969.0,1422558.0,406001.0,5585101.0,0.2549019607843137,0.0980392156862745,0.1568627450980392,0.1539403497620217,0.0439348947063884,0.6043847782629722,4.0,43.0,0.0,4.0,0.8888888888888888,0.3,inf,3.0,0.5728072107350877,-0.1325865853658536,inf,4.903912262156449,4.391666666666667,894862.364,77937.0,77429.0,-0.0487364620938627,0.0587745952966192,0.0578630181610879,0.0560852189805911,0.242103694874851,0.09311680572109654,-118.77394636015326
60623,77061.0,44040.0,221400.0,34376.0,17.0,60623,2023,0.0058738301288325,0.1646480139630823,0.0884955752212388,0.0333052783455571,34.0,0.0,0.0,0.0,1321101.0,0.0,0.0,0.0,0.0,0.0,0.0,0.0,0.0,0.0,1.0,8.0,0.0,25.0,0.0625,-1.0,0.0,0.0,-0.721257364435623,-1.0,0.0,0.0,4.391666666666667,894862.364,77937.0,77429.0,-0.0487364620938627,0.0587745952966192,0.0578630181610879,0.0560852189805911,0.0,0.0,-69.73180076628353
60624,35711.0,32607.0,223200.0,15210.0,17.0,60624,2023,0.0013178555406012,0.0264102241249055,-0.0022351363433169,0.0125149780322193,21.0,2.0,1.0,1.0,2016086.0,230000.0,250000.0,250000.0,0.0952380952380952,0.0476190476190476,0.0476190476190476,0.1140824349754921,0.1240026467124914,0.1240026467124914,0.0,13.0,0.0,8.0,1.1,0.0,inf,inf,3.0409732397161013,-0.1785714285714286,inf,inf,4.391666666666667,894862.364,77937.0,77429.0,-0.0487364620938627,0.0587745952966192,0.0578630181610879,0.0560852189805911,0.05600515247402761,0.028002576237013806,-84.67432950191571
60625,78467.0,85299.0,396700.0,48199.0,17.0,60625,2023,-0.0227782205838398,0.0212146970440696,0.0043037974683544,-0.027029754935605,27.0,5.0,1.0,2.0,4021888.0,815000.0,623000.0,120000.0,0.1851851851851851,0.037037037037037,0.074074074074074,0.2026411476401133,0.154902374208332,0.0298367333948633,0.0,23.0,0.0,4.0,1.7000000000000002,1.5,0.0,inf,1.0912740175626152,2.2357191633978624,1.686780865635081,inf,4.391666666666667,894862.364,77937.0,77429.0,-0.0487364620938627,0.0587745952966192,0.0578630181610879,0.0560852189805911,0.06372105471089758,0.012744210942179514,-111.87739463601534
60626,50027.0,57452.0,269000.0,30108.0,17.0,60626,2023,-0.0021541837039992,0.0232790097070085,0.0018621973929235,0.0217878232539197,6.0,1.0,0.0,0.0,23000.0,3000.0,0.0,0.0,0.1666666666666666,0.0,0.0,0.1304347826086956,0.0,0.0,0.0,0.0,0.0,6.0,-0.5384615384615384,inf,0.0,0.0,-0.9872456052792103,inf,0.0,0.0,4.391666666666667,894862.364,77937.0,77429.0,-0.0487364620938627,0.0587745952966192,0.0578630181610879,0.0560852189805911,0.01998920582885242,0.0,-122.41379310344828
60628,59212.0,49719.0,158500.0,27013.0,17.0,60628,2023,-0.0359335059183639,0.0230036419003725,0.050364479787939,-0.0487375426981723,21.0,5.0,0.0,4.0,910756.0,318256.0,0.0,215850.0,0.238095238095238,0.0,0.1904761904761904,0.3494415628335141,0.0,0.2370009091348286,0.0,12.0,0.0,9.0,1.3333333333333337,0.6666666666666667,0.0,inf,0.5576386644159514,-0.0207507692307692,0.0,inf,4.391666666666667,894862.364,77937.0,77429.0,-0.0487364620938627,0.0587745952966192,0.0578630181610879,0.0560852189805911,0.08444234276835777,0.0,-194.82758620689654
60629,109292.0,58813.0,236300.0,51137.0,17.0,60629,2023,0.0027064965090781,0.1030608800030008,0.0525612472160357,-0.0048844088113956,12.0,3.0,0.0,1.0,7673400.0,48000.0,0.0,8000.0,0.25,0.0,0.0833333333333333,0.0062553757135037,0.0,0.0010425626189172,2.0,8.0,0.0,2.0,1.0,inf,-1.0,inf,9.04371727748691,inf,-1.0,inf,4.391666666666667,894862.364,77937.0,77429.0,-0.0487364620938627,0.0587745952966192,0.0578630181610879,0.0560852189805911,0.027449401603045053,0.0,-137.73946360153258
60630,54242.0,97134.0,362900.0,30621.0,17.0,60630,2023,-0.0190433131386201,0.0658254238218027,0.0136871508379887,-0.0078411042348442,14.0,3.0,0.0,1.0,1050482.0,212482.0,0.0,500000.0,0.2142857142857142,0.0,0.0714285714285714,0.2022709575223564,0.0,0.4759719823852288,1.0,9.0,0.0,4.0,-0.125,0.5,0.0,0.0,0.0795410869793089,105.241,0.0,-0.3827160493827161,4.391666666666667,894862.364,77937.0,77429.0,-0.0487364620938627,0.0587745952966192,0.0578630181610879,0.0560852189805911,0.05530769514398436,0.0,-173.37164750957857
60631,30308.0,117688.0,431400.0,15936.0,17.0,60631,2023,-0.0036162798343086,0.0417264149273284,0.0589101620029455,0.0073961691636639,16.0,4.0,1.0,2.0,2006862.0,425000.0,224000.0,224000.0,0.25,0.0625,0.125,0.211773405445915,0.1116170419291411,0.1116170419291411,4.0,7.0,0.0,5.0,-0.0588235294117647,0.3333333333333332,0.0,0.0,0.9433513350202049,0.4655172413793103,43.8,-0.116370808678501,4.391666666666667,894862.364,77937.0,77429.0,-0.0487364620938627,0.0587745952966192,0.0578630181610879,0.0560852189805911,0.13197835554968987,0.03299458888742247,-118.77394636015326
60632,87831.0,60576.0,240600.0,42677.0,17.0,60632,2023,0.016892048349002,0.1224845272949635,0.0636604774535809,0.0333664253371752,20.0,5.0,0.0,0.0,1126701.0,758600.0,0.0,0.0,0.25,0.0,0.0,0.6732930919560736,0.0,0.0,1.0,9.0,0.0,10.0,-0.1999999999999999,-0.375,-1.0,0.0,-0.664372654155496,-0.631747572815534,-1.0,0.0,4.391666666666667,894862.364,77937.0,77429.0,-0.0487364620938627,0.0587745952966192,0.0578630181610879,0.0560852189805911,0.05692750851066253,0.0,-175.67049808429118
60633,12485.0,56875.0,182100.0,5836.0,17.0,60633,2023,0.0036173633440514,0.034918844166242,0.0756054341405789,-0.0686243217363549,1.0,1.0,0.0,0.0,19367.0,19367.0,0.0,0.0,1.0,0.0,0.0,1.0,0.0,0.0,0.0,0.0,0.0,1.0,-0.5,0.0,0.0,-1.0,-0.7172700729927007,4.533428571428572,0.0,-1.0,4.391666666666667,894862.364,77937.0,77429.0,-0.0487364620938627,0.0587745952966192,0.0578630181610879,0.0560852189805911,0.08009611533840609,0.0,-191.7624521072797
60634,74418.0,84997.0,333900.0,40780.0,17.0,60634,2023,-0.0191767822545569,0.0268934771840378,0.0395392278953923,-0.0280756947423613,22.0,4.0,0.0,1.0,1139002.0,906800.0,0.0,850000.0,0.1818181818181818,0.0,0.0454545454545454,0.7961355642922489,0.0,0.7462673463259941,0.0,7.0,0.0,15.0,1.2000000000000002,1.0,-1.0,inf,0.1717524818682165,0.9799126637554584,-1.0,inf,4.391666666666667,894862.364,77937.0,77429.0,-0.0487364620938627,0.0587745952966192,0.0578630181610879,0.0560852189805911,0.05375043672229837,0.0,-172.98850574712645
60636,31007.0,35077.0,150600.0,12594.0,17.0,60636,2023,0.0393523949988268,0.1519161932284654,0.1531393568147014,0.0335658596635206,14.0,4.0,0.0,1.0,864800.0,775000.0,0.0,20000.0,0.2857142857142857,0.0,0.0714285714285714,0.8961609620721555,0.0,0.0231267345050878,0.0,10.0,0.0,4.0,2.5,3.0,0.0,0.0,13.413333333333334,76.5,0.0,0.0,4.391666666666667,894862.364,77937.0,77429.0,-0.0487364620938627,0.0587745952966192,0.0578630181610879,0.0560852189805911,0.12900312832586192,0.0,-210.91954022988506
60637,52418.0,42080.0,243700.0,24076.0,17.0,60637,2023,0.0248900185746407,0.1297554165436143,0.0128844555278471,0.009814612868048,13.0,4.0,2.0,0.0,4193280.0,1495000.0,1883280.0,0.0,0.3076923076923077,0.1538461538461538,0.0,0.3565228174603174,0.4491185897435897,0.0,0.0,13.0,0.0,0.0,-0.1875,0.0,-0.3333333333333333,-1.0,-0.3855025807754431,0.8659720341341828,0.1716049659208827,-1.0,4.391666666666667,894862.364,77937.0,77429.0,-0.0487364620938627,0.0587745952966192,0.0578630181610879,0.0560852189805911,0.076309664619024,0.038154832309512,-95.78544061302682
60638,58250.0,89191.0,283500.0,29420.0,17.0,60638,2023,0.0078029031644146,0.0447091620399653,0.0342940532652316,-0.0217138296811093,3.0,0.0,0.0,0.0,35500.0,0.0,0.0,0.0,0.0,0.0,0.0,0.0,0.0,0.0,0.0,2.0,0.0,1.0,-0.4,-1.0,0.0,0.0,-0.7746031746031746,-1.0,0.0,0.0,4.391666666666667,894862.364,77937.0,77429.0,-0.0487364620938627,0.0587745952966192,0.0578630181610879,0.0560852189805911,0.0,0.0,-69.73180076628353
60639,84505.0,59710.0,289000.0,41027.0,17.0,60639,2023,-0.0087157469969969,0.0862486128545179,0.0343593414459555,-0.0118499963871961,13.0,2.0,0.0,1.0,1208143.0,55000.0,0.0,18000.0,0.1538461538461538,0.0,0.0769230769230769,0.0455244122591448,0.0,0.0148988985575383,0.0,4.0,0.0,9.0,0.0833333333333332,1.0,-1.0,0.0,-0.5116838446303706,14.27777777777778,-1.0,-0.9905263157894736,4.391666666666667,894862.364,77937.0,77429.0,-0.0487364620938627,0.0587745952966192,0.0578630181610879,0.0560852189805911,0.023667238624933435,0.0,-130.84291187739464
60640,66884.0,71030.0,363300.0,44777.0,17.0,60640,2023,-0.0064322533683913,0.0235312765681514,0.0285956964892413,0.0093321010752203,19.0,9.0,1.0,2.0,9989000.0,8878000.0,80000.0,330000.0,0.4736842105263157,0.0526315789473684,0.1052631578947368,0.8887776554209631,0.0080088096906597,0.0330363399739713,3.0,13.0,0.0,3.0,0.4615384615384614,1.25,-0.6666666666666667,-0.5,-0.8204478432350952,-0.828948318077211,-0.9665330498682656,-0.98447789275635,4.391666666666667,894862.364,77937.0,77429.0,-0.0487364620938627,0.0587745952966192,0.0578630181610879,0.0560852189805911,0.13456133006399137,0.014951258895999043,-138.31417624521075
60641,67400.0,81649.0,373200.0,38506.0,17.0,60641,2023,-0.0227351815334647,0.0220945370787641,0.0427493713327744,-0.0206521186225138,37.0,3.0,4.0,4.0,17702451.0,320000.0,11250800.0,1506800.0,0.081081081081081,0.1081081081081081,0.1081081081081081,0.0180765928966559,0.6355504105053024,0.0851181568021287,2.0,20.0,0.0,15.0,0.6086956521739131,-0.5,inf,3.0,4.328370608201966,-0.7681159420289855,inf,2.0136,4.391666666666667,894862.364,77937.0,77429.0,-0.0487364620938627,0.0587745952966192,0.0578630181610879,0.0560852189805911,0.04451038575667656,0.05934718100890208,-63.601532567049816
60642,21124.0,141179.0,604200.0,16467.0,17.0,60642,2023,-0.0149225890692035,0.0241271499350756,0.0183718186414967,-0.0204045211183818,31.0,11.0,5.0,7.0,29049864.0,8720464.0,3895100.0,21580000.0,0.3548387096774194,0.1612903225806451,0.2258064516129032,0.3001894948630396,0.1340832439009008,0.7428606206211499,1.0,26.0,0.0,4.0,0.0,0.375,-0.4444444444444444,0.75,-0.2677217706807431,-0.7334323575357353,-0.8925011856304242,8.18146280529002,4.391666666666667,894862.364,77937.0,77429.0,-0.0487364620938627,0.0587745952966192,0.0578630181610879,0.0560852189805911,0.5207347093353532,0.23669759515243327,-112.64367816091956
60643,47802.0,83015.0,233900.0,22856.0,17.0,60643,2023,-0.0096954630205096,0.0317420862281105,0.0245291283399036,-0.0095766347445508,25.0,4.0,1.0,3.0,4112817.0,135000.0,1100000.0,1315001.0,0.16,0.04,0.12,0.0328242175618317,0.2674565875408509,0.3197324364298241,0.0,13.0,0.0,12.0,0.5625,1.0,-0.5,0.0,3.1736945080950747,-0.4375,1.9702114790573089,27.64925925925926,4.391666666666667,894862.364,77937.0,77429.0,-0.0487364620938627,0.0587745952966192,0.0578630181610879,0.0560852189805911,0.08367850717543199,0.020919626793857997,-113.02681992337165
60644,48317.0,37952.0,238300.0,21385.0,17.0,60644,2023,-0.0228132268176761,0.1104543991573281,0.0586406041759217,-0.0059960955656781,5.0,1.0,0.0,0.0,286000.0,175000.0,0.0,0.0,0.2,0.0,0.0,0.6118881118881119,0.0,0.0,0.0,2.0,0.0,3.0,-0.375,inf,0.0,0.0,-0.3291251181654622,inf,0.0,0.0,4.391666666666667,894862.364,77937.0,77429.0,-0.0487364620938627,0.0587745952966192,0.0578630181610879,0.0560852189805911,0.020696649212492497,0.0,-125.09578544061303
60645,46856.0,77126.0,308200.0,23259.0,17.0,60645,2023,-0.037706399408527,0.0461167023845048,-0.0051646223369915,-0.0340946843853821,8.0,1.0,0.0,0.0,689842.0,150000.0,0.0,0.0,0.125,0.0,0.0,0.2174410952073083,0.0,0.0,0.0,6.0,0.0,2.0,-0.3333333333333333,0.0,0.0,0.0,-0.4553742790938194,99.0,0.0,0.0,4.391666666666667,894862.364,77937.0,77429.0,-0.0487364620938627,0.0587745952966192,0.0578630181610879,0.0560852189805911,0.02134198395082807,0.0,-126.62835249042146
60646,28499.0,111115.0,493600.0,14294.0,17.0,60646,2023,-0.0094195342370524,-0.0104022870781863,0.0268358643644683,-0.0294017790452909,20.0,3.0,2.0,3.0,3876995.0,552495.0,485000.0,513000.0,0.15,0.1,0.15,0.1425059872401176,0.1250968856034119,0.1323189738444336,0.0,19.0,0.0,1.0,-0.0909090909090909,0.5,-0.7142857142857143,-0.4,-0.3712811157058299,-0.3166419294990723,-0.813640730067243,-0.0526315789473684,4.391666666666667,894862.364,77937.0,77429.0,-0.0487364620938627,0.0587745952966192,0.0578630181610879,0.0560852189805911,0.10526685146847259,0.07017790097898172,-101.14942528735634
60647,85589.0,102851.0,557300.0,57231.0,17.0,60647,2023,-0.0011203827974557,0.0543413634033829,0.0356811001672552,0.0062593406593407,50.0,13.0,0.0,3.0,54198639.0,48942500.0,0.0,327933.0,0.26,0.0,0.06,0.9030208304677172,0.0,0.0060505762884562,7.0,29.0,0.0,14.0,0.0638297872340425,-0.1875,-1.0,-0.6666666666666667,5.993429624008557,13.200222189919868,-1.0,-0.8972152814431917,4.391666666666667,894862.364,77937.0,77429.0,-0.0487364620938627,0.0587745952966192,0.0578630181610879,0.0560852189805911,0.15188867728329575,0.0,-216.28352490421454
60649,48720.0,40142.0,199500.0,25273.0,17.0,60649,2023,-0.0283788365275312,0.0070242336059405,0.0657051282051282,-0.0336111960844295,7.0,3.0,0.0,0.0,213740.0,36740.0,0.0,0.0,0.4285714285714285,0.0,0.0,0.1718910826237484,0.0,0.0,0.0,6.0,0.0,1.0,-0.4166666666666666,-0.6666666666666667,0.0,0.0,-0.7676208699811914,-0.9522857142857144,0.0,0.0,4.391666666666667,894862.364,77937.0,77429.0,-0.0487364620938627,0.0587745952966192,0.0578630181610879,0.0560852189805911,0.06157635467980295,0.0,-178.73563218390805
60653,34608.0,39565.0,347800.0,16403.0,17.0,60653,2023,0.00710045396345,0.1260530510018214,0.0157710280373832,0.0043472936566251,11.0,2.0,0.0,1.0,1599300.0,800000.0,0.0,15000.0,0.1818181818181818,0.0,0.0909090909090909,0.5002188457450134,0.0,0.009379103357719,0.0,9.0,0.0,2.0,0.2222222222222223,-0.5,0.0,0.0,1.69469250210615,2.076923076923077,0.0,-0.625,4.391666666666667,894862.364,77937.0,77429.0,-0.0487364620938627,0.0587745952966192,0.0578630181610879,0.0560852189805911,0.05779010633379565,0.0,-176.0536398467433
60654,24303.0,144831.0,495900.0,19819.0,17.0,60654,2023,0.0352715654952076,0.0473824658841905,-0.0006045949214026,0.0260937095521616,22.0,2.0,6.0,4.0,18906257.0,5514110.0,2147500.0,3005802.0,0.0909090909090909,0.2727272727272727,0.1818181818181818,0.2916552969739066,0.1135867348042502,0.158984509731355,1.0,20.0,0.0,1.0,0.0,-0.6,0.1999999999999999,-0.6,0.058730284594435,1.5528287037037036,-0.6669241315987021,-0.76233984951943,4.391666666666667,894862.364,77937.0,77429.0,-0.0487364620938627,0.0587745952966192,0.0578630181610879,0.0560852189805911,0.08229436695058223,0.2468831008517467,-76.62835249042146
60655,27794.0,114443.0,303300.0,14428.0,17.0,60655,2023,-0.0073571428571428,-0.0076393465367139,0.0205248990578734,-0.0026957904195755,8.0,6.0,0.0,0.0,1427450.0,1280750.0,0.0,0.0,0.75,0.0,0.0,0.8972293250201409,0.0,0.0,2.0,4.0,0.0,2.0,-0.1111111111111111,0.0,0.0,0.0,-0.2308997844827586,-0.0267857142857143,0.0,0.0,4.391666666666667,894862.364,77937.0,77429.0,-0.0487364620938627,0.0587745952966192,0.0578630181610879,0.0560852189805911,0.21587392962509894,0.0,-223.18007662835248
60656,28726.0,88000.0,344400.0,15972.0,17.0,60656,2023,-0.0155586017820424,0.0603431656063235,0.0153301886792451,-0.0322932444713722,18.0,5.0,0.0,3.0,432003.0,343000.0,0.0,233000.0,0.2777777777777778,0.0,0.1666666666666666,0.7939759677594832,0.0,0.5393481063788909,0.0,9.0,0.0,9.0,5.0,4.0,0.0,inf,22.73642857142857,33.3,0.0,inf,4.391666666666667,894862.364,77937.0,77429.0,-0.0487364620938627,0.0587745952966192,0.0578630181610879,0.0560852189805911,0.1740583443570285,0.0,-217.81609195402297
60657,71268.0,109025.0,534500.0,52217.0,17.0,60657,2023,0.0010675356781659,0.0341180711006563,0.0150018989745537,-0.0052009906648885,27.0,6.0,3.0,9.0,55595149.0,24693000.0,27425000.0,30321000.0,0.2222222222222222,0.1111111111111111,0.3333333333333333,0.4441574569752479,0.4932984350846869,0.5453893108551611,2.0,23.0,0.0,2.0,0.2272727272727273,0.5,-0.4,1.25,3.769264469782658,23.020428015564203,2.7161246612466123,4.156632653061225,4.391666666666667,894862.364,77937.0,77429.0,-0.0487364620938627,0.0587745952966192,0.0578630181610879,0.0560852189805911,0.08418925745074927,0.04209462872537464,-98.08429118773947
60659,42008.0,70033.0,358800.0,19855.0,17.0,60659,2023,-0.0143825813566081,0.0908227158032459,0.0072992700729928,-0.0291902992372383,11.0,3.0,0.0,1.0,1374678.0,542000.0,0.0,15000.0,0.2727272727272727,0.0,0.0909090909090909,0.3942741500191317,0.0,0.0109116462182416,1.0,7.0,0.0,3.0,0.375,2.0,-1.0,inf,-0.740381967749965,9.84,-1.0,inf,4.391666666666667,894862.364,77937.0,77429.0,-0.0487364620938627,0.0587745952966192,0.0578630181610879,0.0560852189805911,0.07141496857741382,0.0,-186.3984674329502
60660,42750.0,66206.0,287500.0,26565.0,17.0,60660,2023,-0.0033803473598321,0.0410403170010693,0.0352898811667266,0.0041959628033567,10.0,5.0,2.0,2.0,11672640.0,6360000.0,5125433.0,5125433.0,0.5,0.2,0.2,0.5448638868327987,0.4390980103901088,0.4390980103901088,2.0,8.0,0.0,0.0,0.1111111111111111,-0.4444444444444444,inf,inf,-0.5053966101694916,-0.7305084745762711,inf,inf,4.391666666666667,894862.364,77937.0,77429.0,-0.0487364620938627,0.0587745952966192,0.0578630181610879,0.0560852189805911,0.11695906432748539,0.046783625730994156,-111.49425287356323
60661,11516.0,138831.0,397700.0,9556.0,17.0,60661,2023,0.0002605750021713,-0.0065618112602684,-0.0172967630343464,-0.0187904302289763,26.0,1.0,3.0,4.0,51788420.0,39500.0,1257000.0,1439000.0,0.0384615384615384,0.1153846153846153,0.1538461538461538,0.0007627187699489,0.0242718352867301,0.0277861344292797,3.0,16.0,0.0,7.0,1.1666666666666663,-0.6666666666666667,-0.25,-0.3333333333333333,0.237636106485932,-0.9988433382137628,-0.966881507408346,-0.9610765485528808,4.391666666666667,894862.364,77937.0,77429.0,-0.0487364620938627,0.0587745952966192,0.0578630181610879,0.0560852189805911,0.0868357068426537,0.2605071205279611,-78.92720306513411
60707,40897.0,82746.0,315300.0,21442.0,17.0,60707,2023,0.0012731056432855,0.083871474791402,0.021379980563654,-0.0169631395562075,24.0,0.0,0.0,0.0,239001.0,0.0,0.0,0.0,0.0,0.0,0.0,0.0,0.0,0.0,1.0,2.0,0.0,21.0,2.4285714285714284,-1.0,0.0,0.0,-0.6518938207770455,-1.0,0.0,0.0,4.391666666666667,894862.364,77937.0,77429.0,-0.0487364620938627,0.0587745952966192,0.0578630181610879,0.0560852189805911,0.0,0.0,-69.73180076628353
60827,24887.0,37648.0,123800.0,10351.0,17.0,60827,2023,-0.025491424543817,0.0505929956746198,0.0965456155890167,-0.0392611843326526,1.0,1.0,0.0,0.0,12680.0,12680.0,0.0,0.0,1.0,0.0,0.0,1.0,0.0,0.0,0.0,1.0,0.0,0.0,-0.6666666666666667,0.0,-1.0,0.0,4225.666666666667,12679.0,-1.0,0.0,4.391666666666667,894862.364,77937.0,77429.0,-0.0487364620938627,0.0587745952966192,0.0578630181610879,0.0560852189805911,0.040181620926588175,0.0,-158.42911877394636
